filename, Anger and aggression, anxiety, happy, sad
photo_94_2024-04-05_12-16-52_jpg.rf.8e09c3e3122abb6c1c552d2c00c8146e.jpg, 1, 0, 0, 0
photo_29_2024-04-05_12-18-25-1-_jpg.rf.93b829bedfcdb475e296c18dd1b4c4dd.jpg, 0, 0, 1, 0
photo_13_2024-04-02_09-12-49_jpg.rf.8fce81b9c4903ea9c412f83962791598.jpg, 1, 0, 0, 0
photo_15_2024-04-03_17-27-01_jpg.rf.88bda78a72dfa31dc2631c31c3adb917.jpg, 0, 0, 1, 0
photo_13_2024-04-05_12-18-25_jpg.rf.876759db5ae2ef31f7c7c357b4b464fc.jpg, 0, 0, 1, 0
photo_63_2024-04-05_12-18-25_jpg.rf.918d4b14e5e6cb0afba6bb7cc67f3353.jpg, 0, 0, 1, 0
photo_14_2024-04-05_02-09-05_jpg.rf.8d9d1ecddd99ad207b1662a4ed8e3d9d.jpg, 0, 1, 0, 0
photo_15_2024-04-05_02-09-05_jpg.rf.88673b6c8469d1aed099946a71c945d3.jpg, 0, 1, 0, 0
IMG-20240403-WA0044_jpg.rf.8d1932eb0557d90cc23cdb6296a5267f.jpg, 0, 0, 1, 0
photo_45_2024-04-03_17-27-01_jpg.rf.8b6feb79a4563861be539bbbcd04f145.jpg, 1, 0, 0, 0
photo_3_2024-04-03_17-24-54_jpg.rf.8e5062129ff14b72cdadb56dd4cef5df.jpg, 0, 0, 1, 0
photo_18_2024-04-05_12-16-52_jpg.rf.8fa1bdf2b1627c3bfcba8351b36c91bd.jpg, 1, 0, 0, 0
photo_29_2024-04-03_17-24-54_jpg.rf.8caa7ebac933d64bea628ef20ef5cef4.jpg, 0, 0, 1, 0
IMG-20240403-WA0099_jpg.rf.8a7c733390304dff50677a33fc0e0584.jpg, 0, 0, 1, 0
photo_27_2024-04-03_17-27-01_jpg.rf.8a959831f282050704eb54ab095336a2.jpg, 0, 1, 0, 0
IMG-20240403-WA0048_jpg.rf.90ebd578e4fa8f5e4ca8e490d3925052.jpg, 0, 1, 0, 0
photo_61_2024-04-05_02-09-05_jpg.rf.937c764b1467123112877c14916057fa.jpg, 0, 0, 1, 0
photo_19_2024-04-05_02-09-05_jpg.rf.8ac92c2ebe58711a8a4dd5193677eddb.jpg, 0, 0, 0, 1
photo_32_2024-04-05_12-16-52_jpg.rf.9188d62d8fd04e024a9dc662c2db7336.jpg, 0, 0, 1, 0
photo_30_2024-04-03_17-24-54_jpg.rf.886e49b5980bda920076d9d71a3eb72a.jpg, 0, 0, 1, 1
photo_15_2024-04-05_12-16-52_jpg.rf.927ef523c9c15afcda21a610f17aa91f.jpg, 1, 0, 0, 0
photo_12_2024-04-03_17-24-54_jpg.rf.87323eaee51f522f2b90442fe6421a50.jpg, 0, 1, 0, 0
photo_36_2024-04-05_02-09-05_jpg.rf.8a8454daf472ded9f2817aac33cba749.jpg, 0, 0, 0, 1
photo_63_2024-04-05_02-09-05_jpg.rf.90997e42aaca39c7659f1522a21612cd.jpg, 0, 0, 1, 0
photo_53_2024-04-05_12-18-25_jpg.rf.956d3219823c7a86a14f2295dea01906.jpg, 0, 0, 1, 0
photo_26_2024-04-05_12-19-03_jpg.rf.9a51489fa8ec33339e64fdda970f2527.jpg, 0, 0, 1, 0
photo_77_2024-04-05_02-09-05_jpg.rf.9585e13db65f6945d49da3b2de0347ef.jpg, 0, 0, 1, 0
photo_14_2024-04-02_09-12-49_jpg.rf.971b5e6f86a12d1e0962ccaaf477a4e6.jpg, 1, 0, 0, 0
photo_4_2024-04-04_02-01-10_jpg.rf.927ddd33a96a2849e877c647d2330e6d.jpg, 0, 0, 1, 0
photo_25_2024-04-03_17-24-54_jpg.rf.9d58544a0a21fe527a726804e8592ae7.jpg, 0, 0, 1, 0
photo_57_2024-04-05_12-18-25_jpg.rf.98ab55e902b63cef746322bd4a3533bd.jpg, 0, 0, 1, 0
photo_26_2024-04-05_12-18-25_jpg.rf.9db86d5c52074d892d8c1bf69dc4bf5d.jpg, 0, 0, 1, 0
IMG-20240403-WA0049_jpg.rf.9c45488bc99e1f88c24f965a936ae5c9.jpg, 1, 0, 0, 0
photo_75_2024-04-05_12-16-52_jpg.rf.990a984cd9a62788338a584869a3925a.jpg, 0, 0, 1, 0
photo_10_2024-04-05_12-19-03_jpg.rf.9e591a6c2c13b9ead25747d3a6a33b7a.jpg, 0, 0, 1, 0
photo_13_2024-04-03_17-23-12_jpg.rf.979fbe4d01797afc84ad329e83795383.jpg, 1, 0, 0, 0
photo_4_2024-04-05_12-19-03_jpg.rf.9de9532c159ab1c326384e1433c81ae5.jpg, 0, 1, 0, 0
photo_17_2024-04-05_12-19-03_jpg.rf.9a1535d15757509b62aec30b50fc5dad.jpg, 0, 0, 1, 0
photo_9_2024-04-05_02-09-05_jpg.rf.9db83509f4961c94c9cfceacf7bdf62a.jpg, 1, 0, 0, 0
photo_8_2024-04-05_12-16-52_jpg.rf.9eea5d4a54f849364ee517de2bae9b83.jpg, 0, 0, 1, 0
photo_13_2024-04-03_17-27-01_jpg.rf.9de51b413d4889b76f554da54601a767.jpg, 1, 0, 0, 0
photo_37_2024-04-05_12-16-52_jpg.rf.9efa116055b5409012618533f5344e2c.jpg, 0, 0, 1, 0
photo_71_2024-04-05_02-09-05_jpg.rf.9fcf0df278de5e365f5f2a31fa58001d.jpg, 0, 0, 1, 0
IMG_8220-1-_PNG.rf.9f7f8b5c9f2b60cd54f9237bd9f50ff4.jpg, 0, 0, 1, 0
photo_90_2024-04-05_12-18-25_jpg.rf.9fd641b39ad905d990bb66e533f849a5.jpg, 0, 0, 1, 0
photo_65_2024-04-05_12-16-52_jpg.rf.a2f9f2db4d768c35b7a4a4e1e04de4db.jpg, 0, 0, 1, 0
photo_82_2024-04-05_12-18-25_jpg.rf.9f922ed85c29b60343daf17b1aaab8b9.jpg, 0, 0, 1, 0
IMG_8407_JPG.rf.a0fa4e57e1546bdf0ecf508ee52805da.jpg, 1, 0, 0, 0
photo_9_2024-04-05_12-16-52_jpg.rf.a2a9bf240b3487380af91970d1a819e2.jpg, 0, 0, 1, 0
photo_27_2024-04-05_02-09-05_jpg.rf.9b03cb51a8c0873b7c56bcf509ed8270.jpg, 0, 0, 0, 1
photo_74_2024-04-05_12-16-52_jpg.rf.a4189ac831450fd61d6414fefa306cbf.jpg, 0, 0, 1, 0
photo_45_2024-04-05_12-18-25_jpg.rf.a3ec3388604bfc5e2ba0080081540278.jpg, 0, 0, 1, 0
IMG-20240403-WA0081_jpg.rf.a6985a91214c8f7e703c1d90fc0fe9b9.jpg, 0, 0, 1, 0
IMG-20240403-WA0089_jpg.rf.a5b4129d91affa712dde223f827d55bd.jpg, 0, 0, 1, 0
photo_66_2024-04-05_12-16-52_jpg.rf.a40d18186f29df3b8cf61593aae5c956.jpg, 0, 0, 1, 0
photo_79_2024-04-05_02-09-05_jpg.rf.a1470e7e36b85de06931052868199052.jpg, 0, 0, 1, 0
photo_77_2024-04-05_12-18-25_jpg.rf.a8ed13c69abfa4b172e806c6ac0927f1.jpg, 0, 1, 0, 0
photo_29_2024-04-03_17-27-01_jpg.rf.ab27d4e07d592634a0c87021096a8281.jpg, 0, 0, 1, 0
photo_3_2024-04-03_17-27-01_jpg.rf.ab8f0365549829c6c61b20944362a285.jpg, 0, 1, 0, 0
photo_15_2024-04-03_17-24-54_jpg.rf.a8a7441a3a80965719edcc870a282a95.jpg, 0, 0, 1, 0
photo_17_2024-04-05_12-18-25_jpg.rf.a8748409967d8208dd2779beeb248e5e.jpg, 0, 0, 0, 1
photo_47_2024-04-05_12-16-52_jpg.rf.accccb7887f53255d8e571ee993b8cb2.jpg, 0, 0, 1, 0
photo_1_2024-04-05_02-11-50_jpg.rf.a448240616eaea3103cd9e95c5324ceb.jpg, 0, 0, 0, 1
photo_31_2024-04-05_12-18-25_jpg.rf.aa7f97a2e6e32d349d772d3b20cb6bf4.jpg, 0, 0, 1, 0
photo_37_2024-04-03_17-27-01_jpg.rf.aa740ae02f91597dd8fa9f8ba35f0a9f.jpg, 0, 0, 1, 0
IMG_8283-Copy-2-_JPG.rf.a25054d13d147a69ab4ccd5e684c39b4.jpg, 0, 1, 0, 0
photo_26_2024-04-03_17-24-54_jpg.rf.aae7118d9b85daa495252519a1410d45.jpg, 1, 0, 0, 0
photo_85_2024-04-05_12-18-25_jpg.rf.a0f9c8c2730728c853c14152511d24e9.jpg, 0, 0, 1, 0
photo_55_2024-04-05_12-18-25_jpg.rf.acea225234e945cc92ef6a102e38f6b9.jpg, 0, 0, 1, 0
photo_48_2024-04-05_02-09-05_jpg.rf.b2b35af52557aafddfe99b5adf46c9c2.jpg, 0, 0, 1, 0
IMG-20240403-WA0079_jpg.rf.b27f9ce63372584fdbadc5758a3e2328.jpg, 0, 0, 1, 0
photo_19_2024-04-05_12-18-25_jpg.rf.b30ae10407e4aad933d2d7d0c4ddb1dc.jpg, 0, 0, 1, 0
photo_1_2024-04-05_12-19-03_jpg.rf.ad54de7b6ed1b2ee3b60835f9d3a8073.jpg, 0, 0, 1, 0
photo_8_2024-04-03_17-45-52_jpg.rf.b2c292746f487beff6c231f974c71a71.jpg, 0, 1, 0, 0
photo_18_2024-04-05_12-19-03_jpg.rf.b2f2fc4a3ec21a08960e050ef34b3c48.jpg, 0, 0, 1, 0
photo_26_2024-04-05_12-16-52_jpg.rf.b3514295ad820548637cc71139a48342.jpg, 0, 0, 1, 0
photo_2_2024-04-03_17-45-52_jpg.rf.a9ae5d3ebb3d746cf4af4d6b3e9d947e.jpg, 0, 1, 0, 0
photo_8_2024-04-05_12-18-25_jpg.rf.ac9c51c75158c4a072e5493285a85f64.jpg, 0, 0, 1, 0
photo_45_2024-04-05_02-09-05_jpg.rf.afba56593627fcb3a5ab786188c6325c.jpg, 0, 0, 0, 1
photo_2_2024-04-03_17-24-54_jpg.rf.b5e49d0b5bbc3df4141818519fce2796.jpg, 0, 0, 1, 0
photo_56_2024-04-05_02-09-05_jpg.rf.b72ba1c458ee0560962d0d8f10de3361.jpg, 0, 0, 1, 0
photo_58_2024-04-05_02-09-05_jpg.rf.b3b939fa7b967e54a9890b273181cee4.jpg, 0, 0, 1, 0
photo_5_2024-04-03_17-23-12_jpg.rf.b5101534231cdcda1bb253f779c84d3a.jpg, 0, 0, 1, 0
IMG-20240403-WA0090_jpg.rf.b39b287d74b9aac181c721d3e02725e8.jpg, 0, 1, 0, 0
photo_30_2024-04-05_12-16-52_jpg.rf.b80db92940f17f2f42e43f2044fcb152.jpg, 0, 0, 1, 0
photo_44_2024-04-05_12-16-52_jpg.rf.b59c2087cb92b2145c489ec48307583c.jpg, 0, 0, 1, 0
photo_29_2024-04-05_12-19-03_jpg.rf.b89e014e8b277a5ceaa914aae4d6e545.jpg, 0, 0, 1, 0
photo_7_2024-04-05_12-16-52_jpg.rf.b7d99900f9caecbe41102a003e2529ae.jpg, 0, 0, 1, 0
photo_2_2024-04-04_02-01-10_jpg.rf.b3a9328e36c9b5325849d708aebc61cd.jpg, 0, 0, 1, 0
photo_67_2024-04-05_12-18-25_jpg.rf.b7bd7d3ab612e54b2f90fa6a4e232323.jpg, 0, 0, 1, 0
photo_1_2024-04-05_12-18-25_jpg.rf.b6104c783c9a830f7711128ce5821d7a.jpg, 0, 0, 1, 0
photo_79_2024-04-05_12-18-25_jpg.rf.afeda6ca0aec0faf0e9fa75879071f20.jpg, 0, 0, 1, 0
IMG-20240403-WA0082_jpg.rf.b940aea44b3d7b9c5f40c1b6006b4b9a.jpg, 0, 0, 1, 0
photo_64_2024-04-05_02-09-05_jpg.rf.b007337655fbab5da86c3ba317b33c9e.jpg, 0, 0, 1, 0
photo_5_2024-04-03_17-24-54_jpg.rf.b907bbc38af18d8eeb4a54bd87537418.jpg, 0, 1, 0, 0
photo_44_2024-04-05_02-09-05_jpg.rf.b5a48be9f2457d640d648f130e59115f.jpg, 0, 0, 1, 0
photo_19_2024-04-03_17-27-01_jpg.rf.ba4297031a2817f7110b16616365b664.jpg, 1, 0, 0, 0
photo_93_2024-04-05_12-16-52_jpg.rf.b4397193e9119bb43a468160df6cb67e.jpg, 1, 0, 0, 0
photo_9_2024-04-03_17-24-54_jpg.rf.bb526d44c24942dec581e424e9c02484.jpg, 0, 0, 0, 1
photo_32_2024-04-05_12-19-03_jpg.rf.c274819c4c90263723ec227904f179f9.jpg, 0, 0, 1, 0
photo_14_2024-04-05_12-19-03_jpg.rf.bcbcd9ceaf774c1d48d49ecdca5af296.jpg, 0, 0, 1, 0
photo_43_2024-04-05_12-18-25_jpg.rf.c074dd978721dd55fe575a82dd253fac.jpg, 0, 0, 1, 0
photo_22_2024-04-03_17-24-54_jpg.rf.c1aeac12a3338501c4d4569c182d6a05.jpg, 1, 0, 0, 0
photo_96_2024-04-05_12-16-52_jpg.rf.c040ae40d4792c2b72ad59574ac18d6c.jpg, 1, 0, 0, 0
IMG_8225_PNG.rf.c0d0af75159ab5ae32b7c12814172f0f.jpg, 0, 0, 1, 0
photo_28_2024-04-05_12-18-25_jpg.rf.b8bf79095ad618edb0b2b95c9bb8b5ff.jpg, 0, 0, 1, 0
photo_39_2024-04-05_12-16-52_jpg.rf.c389421c080499d4430f0c0e61ff7ea4.jpg, 0, 0, 1, 0
photo_96_2024-04-05_12-18-25_jpg.rf.c06f3c995516faa41233168d7ec14377.jpg, 0, 0, 1, 0
photo_68_2024-04-05_12-18-25_jpg.rf.c67ca7d2e78bd98d5a32827eafdef29b.jpg, 0, 1, 0, 0
photo_22_2024-04-03_17-27-01_jpg.rf.c6b0c0fca6ced996af40838d3aa48fd3.jpg, 0, 1, 0, 0
photo_7_2024-04-03_17-27-01_jpg.rf.c4e513ccf66f7ac1d43f0dd74117fd6b.jpg, 0, 0, 1, 0
photo_24_2024-04-03_17-24-54_jpg.rf.bc270198a51b3a4f0e79f6ac74a591ff.jpg, 0, 0, 1, 0
photo_62_2024-04-05_02-09-05_jpg.rf.c8b45c3e6ba03135625756424b798cc9.jpg, 0, 0, 1, 0
photo_63_2024-04-05_12-16-52_jpg.rf.c6117a356240a14301de3d0fd140d37e.jpg, 0, 0, 1, 0
photo_11_2024-04-03_17-23-12_jpg.rf.c70ba52e62af12ef3a83e47bced25fb1.jpg, 0, 1, 0, 0
photo_79_2024-04-05_12-16-52_jpg.rf.cd216d210c3db2032f674184263cf415.jpg, 1, 0, 0, 0
photo_86_2024-04-05_12-18-25_jpg.rf.c2e7a93b92aa2373e9bea41853409703.jpg, 0, 0, 1, 0
photo_59_2024-04-05_12-16-52_jpg.rf.c7a4728e123ca87c58c6da0f3d8ad178.jpg, 0, 0, 1, 0
photo_53_2024-04-05_02-09-05_jpg.rf.c5f6861fd0a545c309724e31050b7d1d.jpg, 0, 0, 1, 0
photo_58_2024-04-05_12-18-25_jpg.rf.cc590548db3fd4843f5e7273b3c68c5e.jpg, 0, 0, 1, 0
photo_37_2024-04-05_02-09-05_jpg.rf.c70f6c4b20196b5344fdef69b612c944.jpg, 0, 0, 0, 1
photo_20_2024-04-03_17-27-01_jpg.rf.cecaa8e1f1ab2e9bf108283c561bbf57.jpg, 0, 0, 1, 0
photo_83_2024-04-05_12-18-25_jpg.rf.cffbb5c69b4e50c1e73441a4d99b96ff.jpg, 0, 0, 1, 0
IMG-20240403-WA0088_jpg.rf.cc845975028e3d9330ea43560abcdcb3.jpg, 0, 0, 1, 0
photo_5_2024-04-05_12-16-52_jpg.rf.d1f5bbe1548ac6b7c25446bc2b157c41.jpg, 0, 0, 1, 0
photo_14_2024-04-03_17-24-54_jpg.rf.d138ef473940f786ede3ac5fb9e1fd9d.jpg, 0, 0, 1, 0
photo_27_2024-04-05_12-18-25_jpg.rf.d1d6d4309444603d2558dc02cc42990f.jpg, 0, 0, 1, 0
photo_52_2024-04-05_12-18-25_jpg.rf.c85a4faa3db6e7ea6b05a44224fc62bf.jpg, 0, 0, 1, 0
photo_25_2024-04-05_12-16-52_jpg.rf.d153dc3445b3ce57c1df18ba14c060b1.jpg, 0, 1, 0, 0
photo_40_2024-04-05_12-16-52_jpg.rf.d9f51a8dcf71499e3a16fe11b70379e3.jpg, 0, 0, 1, 0
85524500_jpg.rf.dc34f5f1a87970ed5a219f6bdd9e73cb.jpg, 0, 0, 1, 0
photo_40_2024-04-05_02-09-05_jpg.rf.bd8d69e5d322d255fc13f463824fb14d.jpg, 0, 0, 1, 0
photo_15_2024-04-05_12-18-25_jpg.rf.d02ff4272b2cd0c97020237fd3228da8.jpg, 0, 0, 0, 1
photo_7_2024-04-05_12-18-25_jpg.rf.cf1c385e1fe790d89044972a13344148.jpg, 0, 1, 0, 0
photo_68_2024-04-05_12-16-52_jpg.rf.da4db01b793eb7f0570ba1fe1d7febed.jpg, 0, 1, 0, 0
photo_28_2024-04-05_12-16-52_jpg.rf.d91302a33a0c7952c5119e448bc4d8bb.jpg, 0, 0, 1, 0
photo_2_2024-04-05_02-09-05_jpg.rf.d894d1f9e8f02a25946ba55b31f25218.jpg, 0, 0, 1, 0
photo_74_2024-04-05_02-09-05_jpg.rf.d51b4b2f24f32202951ade734008b65f.jpg, 0, 0, 1, 0
photo_19_2024-04-05_12-19-03_jpg.rf.d2646276fa04c4dd2013bb3022fa0799.jpg, 0, 0, 1, 0
photo_4_2024-04-03_17-27-01_jpg.rf.d86e9ff563a28ef1de72afa158c30fea.jpg, 0, 0, 1, 0
f8e66d97-39be-446a-9523-5d846809619e_jpg.rf.cf6c9528d7baa03386a2028911bda96c.jpg, 0, 0, 1, 0
photo_20_2024-04-05_12-18-25_jpg.rf.dae7de60d5c94d883c5c80e60bc8b323.jpg, 0, 0, 1, 0
photo_8_2024-04-03_17-23-12_jpg.rf.d3aa95c8a58ff23afb5ad7c7513bc659.jpg, 0, 0, 1, 0
photo_16_2024-04-03_17-27-01_jpg.rf.db8d4068d354530460f1872080fc96fd.jpg, 0, 1, 0, 0
photo_6_2024-04-04_02-01-10_jpg.rf.de8a0bcd35b5ada18509d6be4f0edfe1.jpg, 0, 0, 1, 0
IMG-20240403-WA0052_jpg.rf.d2e1a1626227f88e712399cad913528e.jpg, 0, 0, 1, 0
photo_92_2024-04-05_12-18-25_jpg.rf.e3340a795904bb25d2f6191ff7889b78.jpg, 0, 0, 1, 0
photo_26_2024-04-03_17-27-01_jpg.rf.e033a5dcd0dc93120bdef0df545f335f.jpg, 0, 0, 1, 0
photo_87_2024-04-05_12-16-52_jpg.rf.dfb220d2cdd9ee5ce34019f40695ca9f.jpg, 1, 0, 0, 0
photo_67_2024-04-05_12-16-52_jpg.rf.dd2338393d0eea35ef3e1235a9da1958.jpg, 0, 0, 1, 0
photo_4_2024-04-05_12-18-25-1-_jpg.rf.e258bea1c3d1d4e0cb71d7d2409c6c23.jpg, 0, 0, 1, 0
photo_2_2024-04-03_17-27-01_jpg.rf.df0c5eaa9be71d7ee03fa451cd5a7b77.jpg, 0, 0, 1, 0
photo_16_2024-04-03_17-24-54_jpg.rf.e29e410e1b3f920182411c9a35758205.jpg, 0, 1, 0, 0
photo_85_2024-04-05_12-16-52_jpg.rf.e3fc97674b1289900553a133a9283d3d.jpg, 1, 0, 0, 0
photo_25_2024-04-05_12-18-25_jpg.rf.e57009ddfdbbc2a33c2962d2b4c838f8.jpg, 0, 0, 1, 0
photo_22_2024-04-05_12-19-03_jpg.rf.e91f2943cdc06967c812e5875d14e045.jpg, 0, 0, 1, 0
photo_23_2024-04-03_17-24-54_jpg.rf.e684ee46ded4443176c74848f975361d.jpg, 0, 0, 1, 0
photo_4_2024-04-03_17-23-12_jpg.rf.e826dba1879109aed40b2ae156a56397.jpg, 0, 1, 0, 0
photo_30_2024-04-05_12-19-03_jpg.rf.df698bebc47ec126b8370b2d8610a90e.jpg, 0, 0, 1, 0
photo_51_2024-04-05_12-18-25_jpg.rf.dbd33daedaa77b80912f33b30c8f6e4e.jpg, 0, 0, 1, 0
photo_13_2024-04-05_12-19-03_jpg.rf.e954c4e20cce1f4fa23e0ea7cc54b37a.jpg, 0, 0, 1, 0
photo_23_2024-04-03_17-27-01_jpg.rf.e3983abbeae35da9fa5f32dabba152e8.jpg, 0, 1, 0, 0
photo_72_2024-04-05_02-09-05_jpg.rf.e909d1be611a1a1606b22b78f989bc95.jpg, 0, 0, 1, 0
photo_22_2024-04-05_02-09-05_jpg.rf.e0f06cb50e8082293eec4d100b71dce4.jpg, 0, 0, 0, 1
photo_4_2024-04-05_12-16-52_jpg.rf.ea9af3bb5747c7d9a71d3d0a410d81c6.jpg, 0, 0, 1, 0
photo_7_2024-04-03_17-23-12_jpg.rf.ef14cc605fc52a461c9cc2fad3a8556d.jpg, 0, 1, 1, 0
IMG-20240403-WA0095_jpg.rf.e3d847d48b5f8ee12c72e8d6ef06e19f.jpg, 0, 0, 1, 0
photo_51_2024-04-05_12-16-52_jpg.rf.e8ef5071d21996c3e2d5e6cb018f86c9.jpg, 0, 0, 1, 0
photo_91_2024-04-05_12-16-52_jpg.rf.ed44882e42d41d6e857e57b153534ff2.jpg, 1, 0, 0, 0
photo_32_2024-04-05_12-18-25_jpg.rf.ea540748310aea57ab486c3b3aeb2031.jpg, 0, 0, 1, 0
photo_70_2024-04-05_12-16-52_jpg.rf.eae2520e03fcfe087f1bfa584b2dee2b.jpg, 0, 0, 1, 0
photo_17_2024-04-05_02-09-05_jpg.rf.e5eb68dbf935bbdfa5920c415eed70eb.jpg, 1, 0, 0, 0
photo_24_2024-04-05_12-18-25_jpg.rf.ef20ad1befcead002c1dc3fa7240906e.jpg, 0, 0, 0, 1
IMG-20240403-WA0040_jpg.rf.ea26685367d747bf5ffe60b8d6c0d102.jpg, 0, 0, 1, 0
photo_99_2024-04-05_12-18-25_jpg.rf.f15a98f774502d14df0a49b1198812e7.jpg, 0, 0, 1, 0
photo_5_2024-04-05_12-18-25_jpg.rf.f031bd10fc4540166cdce7b6f72f260e.jpg, 0, 0, 1, 0
photo_7_2024-04-02_09-12-49_jpg.rf.ee065c9f9142e5f16c4dfffe49277f18.jpg, 0, 1, 0, 0
photo_8_2024-04-03_17-24-54_jpg.rf.f58b3b307c4605f5cc527af5c36b6af6.jpg, 0, 0, 1, 0
photo_1_2024-04-03_17-45-52_jpg.rf.f939fcad593fbc93a848d854bd6fb57b.jpg, 1, 0, 0, 0
photo_84_2024-04-05_12-18-25_jpg.rf.f155755000c0a72a6bbccd663aba40d1.jpg, 0, 0, 1, 0
photo_90_2024-04-05_12-16-52_jpg.rf.fa11b1e2971ef47e5a3ce36c310b89d7.jpg, 1, 0, 0, 0
f0d32a77-58aa-46c7-ad5b-4df05b1d1a7a_jpg.rf.f1519bda4ee8a50d40eb266fd07caa3b.jpg, 0, 0, 1, 0
photo_95_2024-04-05_12-18-25_jpg.rf.f7c2b96e0d5fe389d508cf8500ba55a8.jpg, 0, 0, 1, 0
photo_34_2024-04-03_17-27-01_jpg.rf.f6ac9928008e04203b9bb8e5edbc6bee.jpg, 0, 0, 1, 0
photo_67_2024-04-05_02-09-05_jpg.rf.f7fbc6e681756ab881766520db71c582.jpg, 0, 0, 1, 0
photo_19_2024-04-02_09-12-49_jpg.rf.fa930968f8cdc8e32ac6bc663345c407.jpg, 0, 0, 1, 0
photo_47_2024-04-05_02-09-05_jpg.rf.f947f2e7c764355da173f43278308726.jpg, 0, 0, 0, 1
photo_29_2024-04-05_12-16-52_jpg.rf.fa6c12049cb49ded7a71e2160820a364.jpg, 0, 0, 1, 0
photo_12_2024-04-05_02-09-05_jpg.rf.f7c507f4c3499216ef4eefb05289f347.jpg, 0, 1, 0, 0
photo_5_2024-04-05_02-09-05_jpg.rf.fea8c9f2bc55973096431c25d78f2873.jpg, 0, 0, 1, 0
photo_78_2024-04-05_12-16-52_jpg.rf.fe839716a5ae29eca0a90985a9581905.jpg, 1, 0, 0, 0
photo_72_2024-04-05_12-18-25_jpg.rf.fb6e267de6aeb3b39df0593c5027bae5.jpg, 0, 0, 1, 0
photo_46_2024-04-05_12-16-52_jpg.rf.fbd23ffb291a85f568cf0fc4e55d7443.jpg, 0, 0, 1, 0
photo_70_2024-04-05_12-18-25_jpg.rf.f836d21db1095a318a26b00990c43a63.jpg, 0, 0, 1, 0
photo_93_2024-04-05_12-18-25_jpg.rf.ff41d8be43416b77aefce45ef967c2b8.jpg, 0, 0, 1, 0
photo_20_2024-04-03_17-24-54_jpg.rf.fb3e346d6cd8774a1439d1ed8a2963d3.jpg, 0, 0, 1, 0
photo_4_2024-04-03_17-24-54_jpg.rf.f6f2710f1499596075b784292d34f2f7.jpg, 1, 0, 0, 0
photo_28_2024-04-05_12-19-03_jpg.rf.feda6e9f89a4204249db120f98385365.jpg, 0, 0, 1, 0
photo_52_2024-04-05_12-16-52_jpg.rf.ff5fecf6610bddb47fd8dde76c12e970.jpg, 0, 0, 1, 0
photo_32_2024-04-03_17-24-54_jpg.rf.fbf3d69e525b47a195378a2f1f0d9ee1.jpg, 0, 0, 1, 0
photo_97_2024-04-05_12-16-52_jpg.rf.03473afbd66cb47a750c2c817bc74de1.jpg, 1, 0, 0, 0
photo_31_2024-04-02_09-12-49_jpg.rf.02579e6f3cd1883cd06e2ac3de25379a.jpg, 0, 0, 0, 1
photo_31_2024-04-03_17-24-54_jpg.rf.00c700601e28a298a2e63cc191a80d28.jpg, 0, 0, 0, 1
photo_22_2024-04-05_12-16-52_jpg.rf.048a4b9518a2df6985b3ea6bcd245d25.jpg, 0, 0, 1, 0
photo_1_2024-04-05_02-09-05_jpg.rf.0327a169522092be136afeca56b4d850.jpg, 0, 0, 1, 0
photo_62_2024-04-05_12-16-52_jpg.rf.038c504c2c0252e2d65e458ba859ed16.jpg, 0, 0, 1, 0
photo_8_2024-04-03_17-27-01_jpg.rf.05e3e3df89c5465cfac93a58026a1056.jpg, 0, 0, 1, 0
photo_80_2024-04-05_12-16-52_jpg.rf.04ff8e6a28c7729170fee23a69580dfe.jpg, 1, 0, 0, 0
photo_13_2024-04-05_12-16-52_jpg.rf.07b47dd59b12dd29324d513385484978.jpg, 0, 0, 1, 0
IMG-20240403-WA0036_jpg.rf.0c22071a5ba3afe86db218f41fdf275d.jpg, 0, 0, 1, 0
photo_13_2024-04-05_02-09-05_jpg.rf.0500245caace6fd08ff85803d5638ac9.jpg, 1, 0, 0, 0
photo_37_2024-04-05_12-18-25_jpg.rf.09b00c03ea658245f395cd9bdea8f7b3.jpg, 1, 0, 0, 0
photo_11_2024-04-05_12-16-52_jpg.rf.01dd623dda69c9f438129a396843f019.jpg, 0, 0, 1, 0
photo_6_2024-04-05_02-11-50_jpg.rf.04eeeb779627dcbcbdaa8ce002ffbc26.jpg, 0, 0, 1, 0
photo_22_2024-04-05_12-18-25_jpg.rf.0f666dad6e74276722c1d6c548a2e7ef.jpg, 0, 0, 0, 1
photo_7_2024-04-03_17-24-54_jpg.rf.109f84342bd9c5e8e355ef1fe4cbe395.jpg, 0, 0, 1, 0
photo_21_2024-04-05_12-19-03_jpg.rf.0a5f9afd6508692dd3f4bf19af571d84.jpg, 0, 0, 1, 0
photo_95_2024-04-05_12-16-52_jpg.rf.04eb8af4065cb43bc488bad903875032.jpg, 1, 0, 0, 0
photo_20_2024-04-05_12-19-03_jpg.rf.08546989b5d99a18b8493269b7c3c6e2.jpg, 0, 0, 1, 0
photo_10_2024-04-03_17-27-01_jpg.rf.1517021de5df7b1ec1f2d92e5abba1c5.jpg, 0, 0, 1, 0
photo_12_2024-04-05_12-16-52_jpg.rf.0731bbc5a04cceae2df56647b0357ce1.jpg, 0, 0, 1, 0
photo_55_2024-04-05_12-16-52_jpg.rf.129e1c5f3f57c242659105ce428d0279.jpg, 1, 0, 0, 0
photo_70_2024-04-05_02-09-05_jpg.rf.0b2b62347b8bd4584c87ef8f9327f21f.jpg, 0, 0, 1, 0
photo_20_2024-04-05_12-16-52_jpg.rf.1017f3aefea4e9959a354945455ca5c7.jpg, 1, 0, 0, 0
IMG-20240403-WA0087_jpg.rf.18ba897ef1481e45e684f341f1a6a0e3.jpg, 0, 0, 1, 0
photo_10_2024-04-05_12-18-25_jpg.rf.13a30c4a19e1f2f4344485636d1edeb2.jpg, 0, 1, 0, 0
photo_35_2024-04-05_12-18-25_jpg.rf.0ebb7db85985d75b51e92cd696bac9cf.jpg, 0, 0, 1, 0
photo_39_2024-04-03_17-27-01_jpg.rf.17ba9fec8dcdb5c531d22357b80ab56f.jpg, 0, 1, 0, 0
photo_39_2024-04-05_02-09-05_jpg.rf.170972447f789d145327d91a5e300e02.jpg, 0, 0, 1, 0
photo_71_2024-04-05_12-18-25_jpg.rf.15609a95f482065d1b5605bfeabafc28.jpg, 0, 1, 0, 0
photo_54_2024-04-05_12-18-25_jpg.rf.16f6a4fe7bfef9697161f31e3ae2764b.jpg, 0, 0, 1, 0
photo_17_2024-04-03_17-24-54_jpg.rf.0d45339d099f908f8b6595bcdaea317b.jpg, 0, 0, 1, 0
photo_1_2024-04-04_02-01-10_jpg.rf.192875926783069164b1f5089bec6c09.jpg, 0, 0, 1, 0
photo_56_2024-04-05_12-16-52_jpg.rf.1dd54064d3451068c3ec43cadbb0127c.jpg, 0, 1, 0, 0
85335243_jpg.rf.19f948d02e9f2f5aad77055ab9bcc80b.jpg, 0, 0, 1, 0
photo_21_2024-04-05_12-18-25_jpg.rf.1bf390c36d5d1a4f53bc6bf725485d33.jpg, 0, 0, 0, 1
photo_42_2024-04-03_17-27-01_jpg.rf.173ffe1bf206c4275c3d9f198a6319b1.jpg, 0, 0, 1, 0
photo_61_2024-04-05_12-18-25_jpg.rf.0ea90ef2ba4989c79fd6f8176d4ffa1a.jpg, 0, 0, 1, 0
photo_11_2024-04-03_17-24-54_jpg.rf.16c52db93c1144db40254d19ca7d5fd9.jpg, 0, 0, 1, 0
photo_1_2024-04-05_12-16-52_jpg.rf.21800ff3df52e8fd6850164a9fd4cd90.jpg, 0, 0, 1, 0
photo_64_2024-04-05_12-16-52_jpg.rf.0d61113098bea25dd6399db825c8dbff.jpg, 0, 1, 0, 0
photo_11_2024-04-05_12-19-03_jpg.rf.1af3be50a5d42ec21b1ece0ed64e8075.jpg, 0, 0, 1, 0
15-girl11jackandthebeanstalk_jpg.rf.1f50f85c3ff26117a83fe6dd304c5136.jpg, 0, 0, 1, 0
photo_6_2024-04-03_17-27-01_jpg.rf.1fd5506ae23d8b5cc741a5b680757caf.jpg, 0, 0, 1, 0
photo_14_2024-04-05_12-18-25_jpg.rf.21528f9d2558655a787555d2c024e009.jpg, 0, 0, 0, 1
photo_76_2024-04-05_12-16-52_jpg.rf.1f586603e0433576372325e4af79879c.jpg, 1, 0, 0, 0
IMG_8405_JPG.rf.20fd2173d99c4e89188196b8a142d45b.jpg, 1, 0, 0, 0
photo_35_2024-04-05_02-09-05_jpg.rf.21e419f7b57504289e127a9745e555c3.jpg, 0, 0, 1, 0
photo_6_2024-04-05_12-19-03_jpg.rf.1eb874dfa80a19203b5cebb579669916.jpg, 0, 1, 0, 0
photo_32_2024-04-03_17-27-01_jpg.rf.242ecc0dcce03b293c33e62b701dfb8a.jpg, 0, 0, 1, 0
photo_75_2024-04-05_12-18-25_jpg.rf.1b4084fa32b3021198fff63d1cfd0611.jpg, 0, 0, 1, 0
photo_51_2024-04-05_02-09-05_jpg.rf.22bd871b34723fdd96bd250578799a8f.jpg, 0, 0, 1, 0
photo_49_2024-04-05_12-16-52_jpg.rf.2096d54f686a0d9598f3d364ff6cf32c.jpg, 0, 0, 0, 1
photo_8_2024-04-05_12-19-03_jpg.rf.24707bab1c013296451f700fdec2713a.jpg, 0, 1, 0, 0
photo_13_2024-04-03_17-24-54_jpg.rf.20edcf49c25eff7cc7f1b6bb6cd3a581.jpg, 0, 0, 1, 0
photo_40_2024-04-03_17-27-01_jpg.rf.2498ae74a49fe98c4a5f81a1b6a533e3.jpg, 0, 0, 1, 0
photo_69_2024-04-05_12-16-52_jpg.rf.29a4dbf2b6506928fe3db3d27ab29208.jpg, 0, 0, 1, 0
photo_17_2024-04-03_17-27-01_jpg.rf.285afd1dfaf520aef52e41efdc82c29b.jpg, 0, 0, 1, 0
photo_27_2024-04-05_12-16-52_jpg.rf.26a929e5b5b8e0dc186d7dad160e9b2a.jpg, 1, 0, 0, 0
photo_15_2024-04-03_17-23-12_jpg.rf.212651f800549bf3e73a6058bb841e6b.jpg, 0, 1, 0, 0
photo_26_2024-04-05_02-09-05_jpg.rf.2a7c83d9150b15e32a57c3aad3c42df1.jpg, 0, 0, 1, 0
photo_6_2024-04-05_12-16-52_jpg.rf.2aefdaf8aae7958f76ba278ab744fc35.jpg, 0, 0, 1, 0
photo_16_2024-04-05_02-09-05_jpg.rf.280fc6bbe2fa16a44771b8cc8ac2e59a.jpg, 0, 1, 0, 0
photo_39_2024-04-05_12-18-25_jpg.rf.2cb64c00f3f6fdbb12aefefc34b03437.jpg, 0, 0, 1, 0
photo_75_2024-04-05_02-09-05_jpg.rf.2ab086f38d3b786ca2052df110729207.jpg, 0, 0, 1, 0
photo_66_2024-04-05_12-18-25_jpg.rf.2847257c9df4b7dc5f47f5447c5491fd.jpg, 0, 0, 1, 0
photo_24_2024-04-02_09-12-49_jpg.rf.2d67c024705b73c721bf3943d2535c48.jpg, 1, 0, 0, 0
photo_4_2024-04-03_17-45-52_jpg.rf.2f1f5eb044a8fd99b0a2ccda74438204.jpg, 1, 0, 0, 0
photo_46_2024-04-05_12-18-25-1-_jpg.rf.307b909197df2a3d86e569d2dc1ab9bc.jpg, 0, 0, 1, 0
photo_73_2024-04-05_12-16-52_jpg.rf.32217d069489372ea135e02bd4f74566.jpg, 1, 0, 0, 0
photo_76_2024-04-05_12-18-25_jpg.rf.2fa1ab09c174c59323c5171218e140f0.jpg, 0, 0, 1, 0
photo_41_2024-04-05_12-18-25_jpg.rf.31c6701747294f635bdc8d0e81ac844d.jpg, 1, 0, 0, 0
photo_31_2024-04-03_17-27-01_jpg.rf.2cf9dfc951806f7b919d4393e7f5d771.jpg, 0, 1, 0, 0
photo_50_2024-04-05_02-09-05_jpg.rf.30f63a3f03159e8138188b8e9b11423e.jpg, 0, 0, 1, 0
photo_2_2024-04-05_12-19-03_jpg.rf.3010fb843d95bc06754a48c5b376fc18.jpg, 0, 0, 1, 0
photo_3_2024-04-05_12-16-52_jpg.rf.357f66bd27a9e28208e557d7b591df62.jpg, 0, 0, 1, 0
photo_50_2024-04-05_12-18-25_jpg.rf.32b06fd01829e879354e86c97d02f958.jpg, 0, 0, 1, 0
photo_100_2024-04-05_12-16-52_jpg.rf.31cbac5e56e88a5a57df72a64d9cc09b.jpg, 1, 0, 0, 0
photo_2_2024-04-05_12-16-52_jpg.rf.3986d197aec4fe16b0c4133832084717.jpg, 0, 0, 1, 0
photo_11_2024-04-03_17-27-01_jpg.rf.3be6c324b0e30038fc368488c4a78403.jpg, 0, 0, 1, 0
photo_18_2024-04-03_17-24-54_jpg.rf.1204322511d5914afc16ce009b4e5f34.jpg, 0, 0, 1, 0
photo_60_2024-04-05_12-18-25_jpg.rf.31688bf67abeba3efb2d3d4fa5f37ab2.jpg, 0, 0, 1, 0
photo_47_2024-04-03_17-27-01_jpg.rf.386d98e50b1b707268ae889d463b6349.jpg, 1, 0, 0, 0
photo_48_2024-04-05_12-18-25_jpg.rf.33970c9b5ac03a78a612b740a4962f13.jpg, 0, 0, 1, 0
photo_11_2024-04-05_12-18-25_jpg.rf.3d6f9aff5d24b695ec5a337b9d290e5e.jpg, 0, 0, 1, 0
photo_24_2024-04-05_12-19-03_jpg.rf.3142ba99a25cc4f56d679d7d5599eda1.jpg, 0, 0, 1, 0
photo_9_2024-04-03_17-45-52_jpg.rf.3d0e6abff3d037dee11b630820eb37cb.jpg, 0, 0, 1, 0
IMG-20240403-WA0045_jpg.rf.3cbf64d5cec10544b7e137cea0af624f.jpg, 0, 1, 0, 0
photo_73_2024-04-05_02-09-05_jpg.rf.3e1799afb41524357db59e25f3ef5edb.jpg, 0, 0, 1, 0
photo_25_2024-04-05_12-19-03_jpg.rf.415cec88ef32bb6624cc50de7c3fe1e7.jpg, 0, 1, 0, 0
photo_18_2024-04-03_17-23-12_jpg.rf.3fedcb349aa28410b0595937e5395b9f.jpg, 0, 0, 1, 0
photo_84_2024-04-05_12-16-52_jpg.rf.3718c9610076395ba93ab8566960eba2.jpg, 1, 0, 0, 0
photo_38_2024-04-05_12-18-25_jpg.rf.408998980d7556bfc79bb1fc24a71209.jpg, 0, 0, 1, 0
photo_3_2024-04-05_02-11-50_jpg.rf.3c5bd1e4b7ab8b18a67ad0d4607b710b.jpg, 0, 0, 1, 0
photo_78_2024-04-05_02-09-05_jpg.rf.3dbf2ce5c6ea183dbaabe7ffbe67218f.jpg, 0, 0, 1, 0
photo_31_2024-04-05_12-19-03_jpg.rf.431e1a5392e4762bdb96c82757fee26b.jpg, 0, 0, 1, 0
photo_30_2024-04-03_17-27-01_jpg.rf.44293bcc2ee4acd05794e2c5b235e017.jpg, 0, 0, 1, 0
photo_21_2024-04-03_17-24-54_jpg.rf.41e7e2db9736b6e2f144ee97c8dcc3f1.jpg, 1, 1, 0, 0
photo_30_2024-04-05_12-18-25_jpg.rf.41a82db2251a5c18a454134f77b4c2a5.jpg, 0, 0, 1, 0
photo_27_2024-04-05_12-19-03_jpg.rf.42ce7183734d7ac4876d91ab85fea262.jpg, 0, 0, 1, 0
photo_38_2024-04-03_17-27-01_jpg.rf.421a1708beea26410766f9959a957d16.jpg, 0, 0, 1, 0
photo_17_2024-04-05_12-16-52_jpg.rf.4738829bac3669614f3ceb5873bd4149.jpg, 1, 0, 0, 0
photo_24_2024-04-03_17-27-01_jpg.rf.42f9ab7354fef1b5bcae0a7cddf0d803.jpg, 1, 0, 0, 0
photo_81_2024-04-05_12-16-52_jpg.rf.4e9bc9d7c503eb90ded2fd7e674f5f76.jpg, 1, 0, 0, 0
photo_33_2024-04-05_12-18-25_jpg.rf.4d39b58ffea8f11835dcbb1233a4b0d9.jpg, 0, 0, 1, 0
photo_54_2024-04-05_12-16-52_jpg.rf.475db5bb33d7840df9a323f6162cb398.jpg, 0, 0, 1, 0
IMG-20240403-WA0041_jpg.rf.4a2c7002c8ab46509b649b6354dc00a0.jpg, 1, 0, 0, 0
IMG-20240403-WA0038_jpg.rf.46a77c353795be861afe956ea70bd944.jpg, 0, 0, 1, 0
IMG-20240403-WA0097_jpg.rf.45251d1e522e9c08361118192d9cb5d2.jpg, 0, 0, 1, 0
IMG-20240403-WA0074_jpg.rf.4fbb744fb3b0bb29d93c1fe67cbbe99d.jpg, 0, 0, 1, 0
photo_98_2024-04-05_12-16-52_jpg.rf.3dcdb02221bf462d3f447f942b4baadf.jpg, 1, 0, 0, 0
photo_31_2024-04-05_12-16-52_jpg.rf.5140218f0f980b130cc225b7202f2003.jpg, 0, 0, 1, 0
photo_24_2024-04-05_12-16-52_jpg.rf.4a4256f572afdbf0ade7150a1f9e2a67.jpg, 0, 0, 1, 0
photo_92_2024-04-05_12-16-52_jpg.rf.4a7c1a1403532e2bf951e75b573d41e9.jpg, 1, 0, 0, 0
photo_88_2024-04-05_12-18-25_jpg.rf.51351cd223abf244d609ee57f03d2ba0.jpg, 0, 0, 1, 0
photo_89_2024-04-05_12-16-52_jpg.rf.50eb73c5df80bd7b64db10e6be90d260.jpg, 1, 0, 0, 0
photo_9_2024-04-03_17-23-12_jpg.rf.4ae51b1d5acebb54362f318f23c154c9.jpg, 0, 0, 1, 0
photo_19_2024-04-05_12-16-52_jpg.rf.530157cdb29f48c317c0b84f5d4acca5.jpg, 1, 0, 0, 0
IMG-20240403-WA0043_jpg.rf.48f423b897b5c9b038f5033f7d67bc42.jpg, 0, 0, 1, 0
photo_61_2024-04-05_12-16-52_jpg.rf.593257d166c22451de8fab307b7a16e0.jpg, 0, 1, 0, 0
IMG-20240403-WA0047_jpg.rf.56524082e82da4764c5b7b5406f0e379.jpg, 0, 0, 1, 0
photo_86_2024-04-05_12-16-52_jpg.rf.52e7f13fbacdf91c0985198f0c05053e.jpg, 1, 0, 0, 0
photo_43_2024-04-05_12-16-52_jpg.rf.53a40bef5b0d1512d5fc10579b20be5e.jpg, 0, 0, 1, 0
photo_17_2024-04-02_09-12-49_jpg.rf.5699f79f0cc676fc26dcb58c85fd8924.jpg, 0, 0, 1, 0
9067b85d-d649-4457-a83c-041eea0894ca_jpg.rf.4509c5297ef7818a08e6900f3420c78b.jpg, 0, 1, 0, 0
photo_72_2024-04-05_12-16-52_jpg.rf.5dde2762e3f056a9b4748d6cba239189.jpg, 1, 0, 0, 0
photo_98_2024-04-05_12-18-25_jpg.rf.5ccbdc279cee0dcf8efd166f3e46016c.jpg, 0, 0, 1, 0
photo_23_2024-04-05_02-09-05_jpg.rf.52a5c553494f04303432917c486ac450.jpg, 0, 0, 0, 1
photo_7_2024-04-05_02-09-05_jpg.rf.51335db03258fcdb7ff48df6cb0a3f67.jpg, 1, 0, 0, 0
photo_71_2024-04-05_12-16-52_jpg.rf.53b2abc2d8ca4226d480dd4c752948fb.jpg, 1, 0, 0, 0
photo_74_2024-04-05_12-18-25_jpg.rf.61990b7f61fc0e1b2821551453b17c7a.jpg, 0, 1, 0, 0
IMG-20240403-WA0086_jpg.rf.61c265dcf51578d77ee36541cbd13d35.jpg, 0, 1, 0, 0
photo_43_2024-04-03_17-27-01_jpg.rf.5e07500598d275eae08fd42d91e3446c.jpg, 0, 0, 1, 0
IMG-20240403-WA0078_jpg.rf.616ae835489955d358c95124e2a7c65c.jpg, 0, 0, 1, 0
photo_10_2024-04-05_02-09-05_jpg.rf.5dce6e0d20581e10743124b4c758e34e.jpg, 0, 1, 0, 0
IMG_8397-Copy-2-_JPG.rf.61f1adef025c4e39db178921edc65fc2.jpg, 0, 1, 0, 0
photo_32_2024-04-05_02-09-05_jpg.rf.60f2706c1275a696d9e59d5e7c36e1d6.jpg, 0, 0, 0, 1
photo_41_2024-04-03_17-27-01_jpg.rf.6260e922b3cb46bb222216b95ca76969.jpg, 0, 0, 1, 0
photo_14_2024-04-03_17-23-12_jpg.rf.62e09e7e056a715262e9a50cc68c3aa3.jpg, 1, 0, 0, 0
photo_59_2024-04-05_02-09-05_jpg.rf.6264a11cfff8fe2fb99e33d4b82243e9.jpg, 0, 0, 1, 0
photo_7_2024-04-05_12-19-03_jpg.rf.620cd25663d61d4b0e3a5e33bdac21c0.jpg, 0, 1, 0, 0
4-4_jpg.rf.62fcc0945d87394ab93161ac119d815b.jpg, 0, 1, 0, 0
photo_28_2024-04-05_02-09-05_jpg.rf.57a57264aa1541e14540597fbf2d75da.jpg, 0, 0, 1, 0
85172781_jpg.rf.65a600deaf361bb90b6103217ae6658e.jpg, 0, 0, 1, 0
photo_1_2024-04-02_09-12-49_jpg.rf.62ecf0e6f06486a9318218d56a679e5c.jpg, 0, 0, 1, 0
photo_4_2024-04-05_02-09-05_jpg.rf.643965832031ca77e052c6db177474aa.jpg, 0, 0, 1, 0
photo_16_2024-04-05_12-16-52_jpg.rf.657d369211420fcea8dc04d8009a6022.jpg, 0, 0, 1, 0
photo_69_2024-04-05_02-09-05_jpg.rf.5ca774d57e8d7456acf660a96b63344b.jpg, 0, 0, 1, 0
photo_59_2024-04-05_12-18-25_jpg.rf.64467387918378c33a198b96addadfb8.jpg, 0, 0, 1, 0
photo_55_2024-04-05_02-09-05_jpg.rf.5ba12c6504772a2259491382e60342c1.jpg, 0, 0, 1, 0
fdf5e118-705f-45ae-b30b-22abdf577068_jpg.rf.679ccd3f9cc648149d19ba829bea3d6a.jpg, 0, 0, 1, 0
photo_36_2024-04-03_17-27-01_jpg.rf.5f5339fa3ad7d11fdd1ce75db20d6e4c.jpg, 0, 0, 1, 0
photo_3_2024-04-03_17-45-52_jpg.rf.6b56b1924d13e0d766a4329b2962e1db.jpg, 1, 0, 0, 0
photo_20_2024-04-03_17-23-12_jpg.rf.635e0e5f0c323146b6b0f3766bcb00f2.jpg, 0, 0, 1, 0
photo_76_2024-04-05_02-09-05_jpg.rf.64bd12cd6864071f0fae629577316741.jpg, 0, 0, 1, 0
photo_6_2024-04-05_12-18-25_jpg.rf.6be925cf81c2fce2cbec2d0de67a1229.jpg, 0, 0, 1, 0
photo_49_2024-04-03_17-27-01_jpg.rf.6b4ddb2410299f089dbd0e0a755bb74c.jpg, 0, 0, 1, 0
photo_58_2024-04-05_12-16-52_jpg.rf.6c79072040e3874d95008d4d948eaab6.jpg, 0, 0, 1, 0
photo_15_2024-04-05_12-19-03_jpg.rf.6b4ac372cad055dc872db72a469b078e.jpg, 0, 1, 0, 0
photo_21_2024-04-05_02-09-05_jpg.rf.7188106af7ffa35c1ec24ad61ce3e049.jpg, 0, 0, 0, 1
IMG-20240403-WA0093_jpg.rf.6c9dcba1d1d4249d4eadbd081bdbff10.jpg, 0, 0, 1, 0
photo_68_2024-04-05_02-09-05_jpg.rf.6fbdf134271b6b657893894a11b22e54.jpg, 0, 0, 1, 0
photo_23_2024-04-05_12-16-52_jpg.rf.6e8efd2abf25bfa19bc7b9a67b156795.jpg, 0, 1, 0, 0
photo_3_2024-04-04_02-01-10_jpg.rf.6d309e075e175088ba622bfaac866b63.jpg, 0, 1, 0, 0
IMG-20240403-WA0037_jpg.rf.71a4580cbc7d6c0360828e00ff105a7a.jpg, 0, 0, 1, 0
photo_1_2024-04-03_17-24-54_jpg.rf.6bf7009e54c367d4986249dbc05c84f6.jpg, 0, 0, 1, 0
photo_25_2024-04-05_02-09-05_jpg.rf.71ef950cff57680e300919087adbbafa.jpg, 0, 0, 0, 1
photo_42_2024-04-05_12-16-52_jpg.rf.7533d3984576bf5427afc601f730a995.jpg, 1, 0, 0, 0
IMG-20240403-WA0091_jpg.rf.730780e8cc4cb3d6860d93c042fbd4b0.jpg, 0, 1, 0, 0
photo_2_2024-04-02_09-12-49_jpg.rf.7591a98604d6f4dd7334f15829c1ee3a.jpg, 0, 0, 1, 0
photo_60_2024-04-05_02-09-05_jpg.rf.799ab63624293958823c3df0c9a96ab4.jpg, 0, 0, 1, 0
photo_4_2024-04-05_02-11-50_jpg.rf.71d6e7182979c3286952719a38682099.jpg, 0, 0, 1, 0
photo_17_2024-04-03_17-23-12_jpg.rf.794f41c5c3dce634d14ebf3c84cc7b78.jpg, 0, 0, 1, 0
photo_42_2024-04-05_12-18-25_jpg.rf.7a3a894b4397b34fc458768d28e81e99.jpg, 0, 0, 1, 0
photo_46_2024-04-03_17-27-01_jpg.rf.79e1b4ac84148bd9322ce6ae917504e8.jpg, 1, 0, 0, 0
photo_57_2024-04-05_12-16-52_jpg.rf.79d0d97647a170d9df886b185b004431.jpg, 0, 1, 0, 0
IMG-20240403-WA0046_jpg.rf.796471bae8f882b89dac5d91d12eee77.jpg, 0, 1, 0, 0
photo_10_2024-04-03_17-24-54_jpg.rf.76abeefca4ad57540a25d49360bffa96.jpg, 0, 0, 1, 0
13d8b44c-8742-4390-be47-f296f31f4e83_jpg.rf.7b0dc522bc554d7fd86d4fabde76ac44.jpg, 0, 0, 1, 0
photo_33_2024-04-05_12-16-52_jpg.rf.71eb3bd5e62456895ba05b28884ce0ff.jpg, 0, 0, 1, 0
photo_65_2024-04-05_12-18-25_jpg.rf.836426f5bf810436e0de11a5a921b2c5.jpg, 0, 1, 0, 0
photo_62_2024-04-05_12-18-25_jpg.rf.77dab88ec6b480bf3434e84996284196.jpg, 0, 0, 1, 0
photo_97_2024-04-05_12-18-25_jpg.rf.7c850dea74fe5519529315b21b5744c9.jpg, 0, 0, 1, 0
photo_18_2024-04-05_02-09-05_jpg.rf.73fe0034206b6b646f1562cc5cdaa92d.jpg, 0, 1, 0, 0
photo_3_2024-04-05_02-09-05_jpg.rf.7dda185c2b04bb0fb2dce5828660e560.jpg, 0, 0, 1, 0
photo_28_2024-04-03_17-27-01_jpg.rf.73bfc6113eef2dea9020f6a5cd86d8bd.jpg, 0, 0, 1, 0
IMG-20240403-WA0039_jpg.rf.835cf25ea82fc04fb26260c1707aedcf.jpg, 1, 0, 0, 0
photo_80_2024-04-05_02-09-05_jpg.rf.8355adc1fd8448a1d415068baeabc4c9.jpg, 0, 0, 1, 0
photo_78_2024-04-05_12-18-25_jpg.rf.80c801d2feaee6f74773edba3f88028e.jpg, 0, 0, 1, 0
photo_52_2024-04-05_02-09-05_jpg.rf.8054bd296fa8868177201e22726bbf84.jpg, 0, 0, 1, 0
photo_53_2024-04-05_12-16-52_jpg.rf.7e03713eee9cb278b56921ca5feade71.jpg, 0, 0, 1, 0
photo_3_2024-04-05_12-18-25_jpg.rf.8378f6ea5fa89d9b7f475ba9d664d97c.jpg, 0, 0, 1, 0
photo_46_2024-04-05_02-09-05_jpg.rf.7a030b2e932772ffd785afad6038dd03.jpg, 0, 0, 1, 0
photo_5_2024-04-05_02-11-50_jpg.rf.83cb250f290541e2ecf5c9919496d83a.jpg, 1, 0, 0, 0
photo_6_2024-04-03_17-24-54_jpg.rf.85df93912c02654deaa75afe5acf5a86.jpg, 0, 0, 1, 0
photo_48_2024-04-03_17-27-01_jpg.rf.8657893a89b4576c999fd6ed0b7245dd.jpg, 0, 0, 1, 0
photo_12_2024-04-03_17-23-12_jpg.rf.831f147e738ba79f44ae5dace545f2e5.jpg, 0, 0, 1, 0
photo_14_2024-04-05_12-16-52_jpg.rf.75b2c8e11e36dd4c23fa898f6caac7f8.jpg, 0, 1, 0, 0
photo_80_2024-04-05_12-18-25_jpg.rf.80c82b1528fae495ec4c850a4485a508.jpg, 0, 0, 1, 0
photo_25_2024-04-03_17-27-01_jpg.rf.8661698761def2eb6afe027a65db2efd.jpg, 0, 0, 1, 0